INSERT INTO fr_db.user (id, email, password, username, surname, forename) VALUES ('admin_id', 'admin@admin.hu', '$2a$10$TrDVeb16jK/Yl/0sjoSgkujTy0FLjU0IpYdWIf4vhPKAPbUSCQheC', 'admin', 'Vezetéknév', 'Keresztnév')
INSERT INTO fr_db.user (id, email, password, username, surname, forename) VALUES ('kisnyul_id', 'kisnyul@kisnyul.hu', '$2a$10$TrDVeb16jK/Yl/0sjoSgkujTy0FLjU0IpYdWIf4vhPKAPbUSCQheC', 'kisnyul', 'Vezetéknév', 'Keresztnév')
INSERT INTO fr_db.user (id, email, password, username, surname, forename) VALUES ('kecske_id', 'kecske@kecske.hu', '$2a$10$TrDVeb16jK/Yl/0sjoSgkujTy0FLjU0IpYdWIf4vhPKAPbUSCQheC', 'kecske', 'Vezetéknév', 'Keresztnév')
INSERT INTO fr_db.user (id, email, password, username, surname, forename) VALUES ('user1', 'user1@userx.hu', '$2a$10$TrDVeb16jK/Yl/0sjoSgkujTy0FLjU0IpYdWIf4vhPKAPbUSCQheC', 'user1', 'Vezetéknév', 'Keresztnév')
INSERT INTO fr_db.user (id, email, password, username, surname, forename) VALUES ('user2', 'user2@userx.hu', '$2a$10$TrDVeb16jK/Yl/0sjoSgkujTy0FLjU0IpYdWIf4vhPKAPbUSCQheC', 'user2', 'Vezetéknév', 'Keresztnév')
INSERT INTO fr_db.user (id, email, password, username, surname, forename) VALUES ('user3', 'user3@userx.hu', '$2a$10$TrDVeb16jK/Yl/0sjoSgkujTy0FLjU0IpYdWIf4vhPKAPbUSCQheC', 'user3', 'Vezetéknév', 'Keresztnév')
INSERT INTO fr_db.user (id, email, password, username, surname, forename) VALUES ('user4', 'user1@userx.hu', '$2a$10$TrDVeb16jK/Yl/0sjoSgkujTy0FLjU0IpYdWIf4vhPKAPbUSCQheC', 'user4', 'Vezetéknév', 'Keresztnév')
INSERT INTO fr_db.user (id, email, password, username, surname, forename) VALUES ('user5', 'user1@userx.hu', '$2a$10$TrDVeb16jK/Yl/0sjoSgkujTy0FLjU0IpYdWIf4vhPKAPbUSCQheC', 'user5', 'Vezetéknév', 'Keresztnév')
INSERT INTO fr_db.user (id, email, password, username, surname, forename) VALUES ('user6', 'user1@userx.hu', '$2a$10$TrDVeb16jK/Yl/0sjoSgkujTy0FLjU0IpYdWIf4vhPKAPbUSCQheC', 'user6', 'Vezetéknév', 'Keresztnév')
INSERT INTO fr_db.user (id, email, password, username, surname, forename) VALUES ('user7', 'user1@userx.hu', '$2a$10$TrDVeb16jK/Yl/0sjoSgkujTy0FLjU0IpYdWIf4vhPKAPbUSCQheC', 'user7', 'Vezetéknév', 'Keresztnév')
INSERT INTO fr_db.user (id, email, password, username, surname, forename) VALUES ('user8', 'user1@userx.hu', '$2a$10$TrDVeb16jK/Yl/0sjoSgkujTy0FLjU0IpYdWIf4vhPKAPbUSCQheC', 'user8', 'Vezetéknév', 'Keresztnév')
INSERT INTO fr_db.user (id, email, password, username, surname, forename) VALUES ('user9', 'user1@userx.hu', '$2a$10$TrDVeb16jK/Yl/0sjoSgkujTy0FLjU0IpYdWIf4vhPKAPbUSCQheC', 'user9', 'Vezetéknév', 'Keresztnév')
INSERT INTO fr_db.user (id, email, password, username, surname, forename) VALUES ('user10', 'user1@user1.hu', '$2a$10$TrDVeb16jK/Yl/0sjoSgkujTy0FLjU0IpYdWIf4vhPKAPbUSCQheC', 'user10', 'Vezetéknév', 'Keresztnév')

INSERT INTO fr_db.role (id, name) VALUES (1, 'ROLE_ADMIN')
INSERT INTO fr_db.role (id, name) VALUES (2, 'ROLE_USER')
INSERT INTO fr_db.role (id, name) VALUES (3, 'ROLE_ANONYMOUS')

INSERT INTO fr_db.user_role (user_id, role_id) VALUES ('admin_id', 1)
INSERT INTO fr_db.user_role (user_id, role_id) VALUES ('admin_id', 2)

INSERT INTO fr_db.user_role (user_id, role_id) VALUES ('kisnyul_id', 2)
INSERT INTO fr_db.user_role (user_id, role_id) VALUES ('kecske_id', 2)
INSERT INTO fr_db.user_role (user_id, role_id) VALUES ('user1', 2)
INSERT INTO fr_db.user_role (user_id, role_id) VALUES ('user2', 2)
INSERT INTO fr_db.user_role (user_id, role_id) VALUES ('user3', 2)
INSERT INTO fr_db.user_role (user_id, role_id) VALUES ('user4', 2)
INSERT INTO fr_db.user_role (user_id, role_id) VALUES ('user5', 2)
INSERT INTO fr_db.user_role (user_id, role_id) VALUES ('user6', 2)
INSERT INTO fr_db.user_role (user_id, role_id) VALUES ('user7', 2)
INSERT INTO fr_db.user_role (user_id, role_id) VALUES ('user8', 2)
INSERT INTO fr_db.user_role (user_id, role_id) VALUES ('user9', 2)
INSERT INTO fr_db.user_role (user_id, role_id) VALUES ('user10', 2)